market,listing_id_or_url,title,property_type,bedrooms,beds,bathrooms,max_guests,size_sqm,price_low_eur,price_high_eur,rating,review_count,amenities,usp,strengths,weaknesses,distance_to_beach,distance_to_center,source
Royan,1155831341618677108,Maison de ville - Royan plage,Townhouse,3,5,2,6+,UNKNOWN,284,284,4.50,7,UNKNOWN,Beach townhouse,Multiple beds,Townhouse not apartment,UNKNOWN,UNKNOWN,Airbnb search
Royan,579340535266675986,Maison bord de mer,House,3,4,2,6+,UNKNOWN,223,223,4.00+,16,Free cancellation,Seafront,Free cancellation,Seafront,UNKNOWN,UNKNOWN,Airbnb search
Royan,967980311403256062,Villa Delibes – Jardin & 3 suites,Villa,3,3,3,6,UNKNOWN,268,268,UNKNOWN,UNKNOWN,Garden 3 suites,Superhost,Luxury suites,UNKNOWN,UNKNOWN,Airbnb search
Royan,906813988095679630,A louer appartement Royan,Apartment,2,4,1+toilet,4,UNKNOWN,130,130,4.67,15,UNKNOWN,Direct 2BR competitor,Lower price,No view mention,UNKNOWN,UNKNOWN,Airbnb search
Royan,1437605140945070776,La Villa Delphine,House,2,2,1+toilet,4,UNKNOWN,245,245,UNKNOWN,UNKNOWN,UNKNOWN,Professional host,Vaux-sur-Mer location,Not Royan proper,UNKNOWN,UNKNOWN,Airbnb search
Royan,1144514414875975039,Belle maison de 3 chambres à Royan,House,3,5,2,6+,UNKNOWN,189,189,4.89,9,UNKNOWN,Professional host,High rating,Fewer reviews,UNKNOWN,UNKNOWN,Airbnb search
Royan,1446424877376549018,T3 rénové de 70m² magnifique vue mer,Apartment,2,3,2,4+,70,250,250,5.00,45,Sea view,Strongest 2BR competitor,Renovated sea view 45 reviews,Higher price,UNKNOWN,UNKNOWN,Airbnb search
Royan,42782645,Royan plage de Foncillon piscine vue mer et port,Apartment,2,3,1,4+,UNKNOWN,208,208,UNKNOWN,UNKNOWN,Pool sea view,Professional host,Pool + view,1 bathroom,UNKNOWN,UNKNOWN,Airbnb search
Saint-Trojan,50122536,Belle villa neuve de bord de mer pour 6 pers,House,3,4,1,6,110,100,200,4.95,37,Garden terraces BBQ,Guest Favorite,New build bright garden,Only 1 bathroom,Walking,Walking,Airbnb
Saint-Trojan,UNKNOWN,Maison 100m de la plage idéale 6/10 pers,House,3+,UNKNOWN,UNKNOWN,6-10,UNKNOWN,UNKNOWN,UNKNOWN,5.00,16,Close to beach,100m from beach,Spacious large groups,Few reviews,100m,~1km,Airbnb
Saint-Trojan,UNKNOWN,Les Salicornes classé 3 étoiles,House,3,UNKNOWN,UNKNOWN,6,UNKNOWN,UNKNOWN,UNKNOWN,4.95,62,3-star garden bikes,Well-reviewed established,Bikes included,Unknown pricing,Walkable,Walkable,Airbnb
Saint-Trojan,39252,La Clairière 95m²,House,3,4,2,6,95,120,250,UNKNOWN,UNKNOWN,Courtyard garage Netflix WiFi pet-friendly,Central high-spec,Garage pet-friendly,New to market,Walkable,Heart of town,CleVacances
Saint-Trojan,STO000-681,Foncia Rue Jean Hay,House,3,4,1,6,70,70,127,4.00,3,Parking terrace garden,150m beach,Close beach parking,1 bathroom average condition,150m,850m,Foncia
Saint-Trojan,2008,Oléron Location Av. des Bris,House residence,2+sofa,3,1,6,45,68,140,Pool seasonal residence park,Pool access central,Good value,Very small for 6,400m,Heart of town,Oléron Location
Saint-Trojan,78509,My Home In Oléron Rue Jean Hay,House,3,4,1,6,70,70,127,Pet-friendly parking terrace,150m beach,Pets welcome,1 bathroom,150m,850m,My Home In
Saint-Trojan,FR-1-246A-353,Poplidays 150m plage,House,2+bunk,3,2,5,90,80,130,3.70,3,Veranda garage garden plancha,2 bathrooms,Only sleeps 5,150m,500-1000m,Poplidays
Saint-Trojan,UNKNOWN,Holidu Grande maison entre plage et forêt,House,3,4,1,6,80,150,190,8.0/10,2,2 terraces fiber WiFi plancha petanque AC,Great outdoor amenities,Only 1 bathroom few reviews,1.1km,Walkable,Holidu
Saint-Trojan,UNKNOWN,Holidu Maison de charme proche marché,House,3,4,1,6,80,190,190,8.0/10,4,Central outdoor shower,Central charming,No WiFi per review 1 bathroom,15min walk,1min walk,Holidu
Saint-Trojan,UNKNOWN,Les Clés du Midi Av. des Bris 75m²,House,3,3,1,6,75,100,100,Terrace garden BBQ,Good value,Only 1 bathroom,15min walk,3min walk,Les Clés du Midi
Saint-Trojan,UNKNOWN,Les Clés du Midi Rénovée 90m²,House,3+conv,5,2,8,90,123,123,Veranda garden BBQ 2 bathrooms,Renovated 2 bathrooms,Father from beach,12min bike,8min bike,Les Clés du Midi
Saint-Trojan,UNKNOWN,La Cabane Oléron Casa Edonista,House/Cabin,3-5,6,3,8,160,300,600,5-star classified 160m² 3 bathrooms,Premium unique decor,Very expensive larger target,5min walk,10min bike,Direct
Saint-Trojan,UNKNOWN,Maison au calme 3 étoiles proche mer et forêt,House,UNKNOWN,UNKNOWN,UNKNOWN,6,UNKNOWN,UNKNOWN,UNKNOWN,5.00,11,3-star quiet,Perfect rating,Few reviews limited data,Walkable,Walkable,Airbnb
Saint-Trojan,UNKNOWN,Villa Hirondelles 3*,House,3,3,1,6,UNKNOWN,UNKNOWN,UNKNOWN,4.95,20,Renovated stone patio WiFi,Charming stone,Not in Saint-Trojan,10min drive,3min market,Airbnb
