keyword,language,location,intent,category,estimated_volume,suggested_use_case
# ======================================================================,,
# ROYAN — BEACH APARTMENT RENTAL — SEO KEYWORDS,,
# ======================================================================,,
# --- HIGH-VOLUME HEAD TERMS (FR) ---,,
location vacances royan,FR,Royan,Transactional,High-Volume,High,"Airbnb title, primary SEO keyword"
location vacances royan appartement,FR,Royan,Transactional,High-Volume,High,"Airbnb title, description"
location royan bord de mer,FR,Royan,Transactional,High-Volume,High,"Title tag, Airbnb title"
location vacances royan vue mer,FR,Royan,Transactional,High-Volume,High,"Title, description, Airbnb title"
location royan plage,FR,Royan,Transactional,High-Volume,High,"Meta description, Airbnb description"
appartement royan plage,FR,Royan,Transactional,High-Volume,High,"Airbnb title"
location vacances royan pas cher,FR,Royan,Transactional,High-Volume,Medium,"Budget listing, description"
location vacances royan particulier,FR,Royan,Transactional,High-Volume,Medium,"Airbnb (private host positioning)"
location vacances royan airbnb,FR,Royan,Transactional,High-Volume,Medium,"Airbnb SEO, social media"
airbnb royan centre ville,FR,Royan,Transactional,High-Volume,Medium,"Airbnb title if centrally located"
location saisonnière royan,FR,Royan,Transactional,High-Volume,Medium,"Leboncoin, seasonal listing"
appartement vue mer royan,FR,Royan,Transactional,High-Volume,Medium,"Airbnb title, photo captions"
location appartement royan,FR,Royan,Transactional,High-Volume,High,"Primary listing keyword"
location vacances royan le bon coin,FR,Royan,Transactional,High-Volume,Medium,"Leboncoin listing"
location vacances royan vue mer le bon coin,FR,Royan,Transactional,High-Volume,Medium,"Leboncoin with sea view"
location vacances royan vue mer particulier,FR,Royan,Transactional,High-Volume,Medium,"Private landlord positioning"
# --- HIGH-VOLUME HEAD TERMS (EN) ---,,
vacation rental royan france,EN,Royan,Transactional,High-Volume,Medium,"English Airbnb listing"
royan beach apartment,EN,Royan,Transactional,High-Volume,Medium,"English listing title"
royan france vacation rental,EN,Royan,Transactional,High-Volume,Medium,"English SEO"
apartment rental royan france,EN,Royan,Transactional,High-Volume,Medium,"English listing"
royan seaside rental,EN,Royan,Transactional,High-Volume,Low,"English listing description"
royan beachfront apartment,EN,Royan,Transactional,High-Volume,Medium,"English listing title"
royan france airbnb,EN,Royan,Transactional,High-Volume,Medium,"English Airbnb SEO"
# --- LONG-TAIL KEYWORDS (FR) ---,,
location vacances royan appartement vue mer,FR,Royan,Transactional,Long-Tail,Medium,"Airbnb title with sea view"
location vacances royan appartement bord de mer,FR,Royan,Transactional,Long-Tail,Medium,"Beachfront positioning"
location vacances royan appartement centre ville,FR,Royan,Transactional,Long-Tail,Medium,"Central location emphasis"
location vacances royan appartement balcon,FR,Royan,Transactional,Long-Tail,Medium,"Balcony feature"
location vacances royan appartement terrasse,FR,Royan,Transactional,Long-Tail,Medium,"Terrace feature"
location vacances royan appartement parking,FR,Royan,Transactional,Long-Tail,Medium,"Parking feature"
location vacances royan appartement wifi,FR,Royan,Transactional,Long-Tail,Medium,"WiFi amenity"
location vacances royan appartement famille,FR,Royan,Transactional,Long-Tail,Medium,"Family-friendly"
location vacances royan appartement 4 personnes,FR,Royan,Transactional,Long-Tail,Medium,"Capacity-based search"
location vacances royan appartement 2 personnes,FR,Royan,Transactional,Long-Tail,Medium,"Couple-focused"
location vacances royan grande conche,FR,Royan,Transactional,Long-Tail,Medium,"Neighborhood-specific"
location vacances royan pontail